task,group,job_id,state,host,wall_seconds,allocated_memory_mib,gap_workspace_limit_mib,gnu_time_max_rss_kib,kernel_max_rss_kib,sampled_tree_peak_rss_kib,cgroup_peak_bytes
table3-C2-row1,table3-C2,390595,computed,phoenix4,5.599,1024,870,206740,,155024,
SG001-zero,SG001,390744,computed,phoenix4,9.985,1024,870,,207580,334432,
table3-C2-row12,table3-C2,390597,computed,phoenix10,3.53,1024,870,205944,,145112,
SG001-w2_plus_w1_squared,SG001,390598,computed,phoenix13.lptmc.jussieu.fr,6.433,1024,870,205952,,335332,
table3-C2-row19,table3-C2,390745,computed,phoenix7.lptmc.jussieu.fr,3.987,1024,870,,205932,143200,
SG002-zero,SG002,390600,computed,phoenix4,13.894,1024,870,207644,,336420,
table3-C2-row20,table3-C2,390746,computed,phoenix13.lptmc.jussieu.fr,3.024,1024,870,,207124,149804,
SG002-w2_plus_w1_squared,SG002,390602,computed,phoenix10,8.424,1024,870,207036,,319504,
table3-C2xC2-row4,table3-C2xC2,390747,computed,phoenix7.lptmc.jussieu.fr,3.174,1024,870,,205956,150516,
SG003-zero,SG003,390604,computed,phoenix13.lptmc.jussieu.fr,6.572,1024,870,207008,,324548,
table3-C2xC2-row13,table3-C2xC2,390748,computed,phoenix13.lptmc.jussieu.fr,2.52,1024,870,,206036,185564,
SG003-w2_plus_w1_squared,SG003,390749,computed,phoenix7.lptmc.jussieu.fr,24.061,1024,870,,206992,328632,
table3-C2xC2-row21,table3-C2xC2,390607,computed,phoenix10,2.471,1024,870,206968,,186000,
SG004-zero,SG004,390608,computed,phoenix13.lptmc.jussieu.fr,6.531,1024,870,207020,,325844,
table3-C2xC2xC2-row9,table3-C2xC2xC2,390750,computed,phoenix13.lptmc.jussieu.fr,3.119,1024,870,,207008,185592,
SG004-w2_plus_w1_squared,SG004,390751,computed,phoenix4,11.643,1024,870,,207628,329860,
table3-C2xC2xC2-row16,table3-C2xC2xC2,390611,computed,phoenix10,3.176,1024,870,207044,,184380,
SG005-zero,SG005,390612,computed,phoenix4,13.144,1024,870,207676,,333616,
table3-C2xC2xC4-row10,table3-C2xC2xC4,390752,computed,phoenix13.lptmc.jussieu.fr,4.821,1024,870,,206012,207608,
SG005-w2_plus_w1_squared,SG005,390614,computed,phoenix13.lptmc.jussieu.fr,22.851,1024,870,220368,,337068,
table3-C2xC2xC4-row17,table3-C2xC2xC4,390753,computed,phoenix13.lptmc.jussieu.fr,4.115,1024,870,,206984,207636,
SG006-zero,SG006,390616,computed,phoenix10,7.026,1024,870,206996,,273840,
table3-C2xC4-row5,table3-C2xC4,390754,computed,phoenix10,3.477,1024,870,,207148,145116,
SG006-w2_plus_w1_squared,SG006,390755,computed,phoenix4,68.078,1024,870,,211372,336500,
table3-C2xC4-row14,table3-C2xC4,390756,computed,phoenix13.lptmc.jussieu.fr,2.524,1024,870,,206040,185500,
SG007-zero,SG007,390620,computed,phoenix10,6.278,1024,870,207020,,281048,
table3-C2xC4-row15,table3-C2xC4,390621,computed,phoenix4,4.48,1024,870,206876,,209164,
SG007-w2_plus_w1_squared,SG007,390757,computed,phoenix10,6.48,1024,870,,205988,330572,
table3-C2xC4xC4-row11,table3-C2xC4xC4,390758,computed,phoenix13.lptmc.jussieu.fr,8.676,1024,870,,206008,207596,
SG008-zero,SG008,390759,computed,phoenix7.lptmc.jussieu.fr,8.785,1024,870,,206040,323640,
table3-C2xC4xC4-row18,table3-C2xC4xC4,390625,computed,phoenix10,5.781,1024,870,207064,,209448,
SG008-w2_plus_w1_squared,SG008,390626,computed,phoenix4,79.549,1024,870,227544,,336600,
table3-C2xC8-row6,table3-C2xC8,390760,computed,phoenix10,3.426,1024,870,,207072,182612,
SG009-zero,SG009,390761,computed,phoenix13.lptmc.jussieu.fr,6.529,1024,870,,206040,326112,
table3-C3-row2,table3-C3,390629,computed,phoenix13.lptmc.jussieu.fr,2.367,1024,870,206020,,187332,
SG009-w2_plus_w1_squared,SG009,390762,computed,phoenix10,7.231,1024,870,,206936,276244,
table3-C4-row3,table3-C4,390631,computed,phoenix10,2.469,1024,870,206004,,183680,
SG010-zero,SG010,390632,computed,phoenix13.lptmc.jussieu.fr,32.698,1024,870,267488,,327180,
table3-C4-row12,table3-C4,390763,computed,phoenix7.lptmc.jussieu.fr,2.821,1024,870,,206068,152584,
SG010-w2_plus_w1_squared,SG010,390634,computed,phoenix10,168.485,1024,870,271552,,525720,
table3-C4xC4-row7,table3-C4xC4,390764,computed,phoenix13.lptmc.jussieu.fr,3.028,1024,870,,207032,185568,
SG011-zero,SG011,390765,computed,phoenix7.lptmc.jussieu.fr,10.482,1024,870,,205920,327272,
table3-C4xC8-row8,table3-C4xC8,390766,computed,phoenix10,15.085,1024,870,,236748,236812,
SG011-w2_plus_w1_squared,SG011,390767,interrupted,phoenix13.lptmc.jussieu.fr,63.216,1024,870,,236716,332020,
table3-C5-row2,table3-C5,390768,computed,phoenix7.lptmc.jussieu.fr,2.872,1024,870,,205936,152688,
SG012-zero,SG012,390769,computed,phoenix7.lptmc.jussieu.fr,23.096,1024,870,,234660,327184,
table3-C6-row3,table3-C6,390770,computed,phoenix10,2.47,1024,870,,207100,179964,
SG012-w2_plus_w1_squared,SG012,390771,computed,phoenix10,34.916,1024,870,,240788,335896,
table3-C7-row2,table3-C7,390772,computed,phoenix7.lptmc.jussieu.fr,2.871,1024,870,,205940,151488,
SG013-zero,SG013,390773,computed,phoenix4,16.601,1024,870,,208308,329308,
table3-C8-row3,table3-C8,390774,computed,phoenix7.lptmc.jussieu.fr,2.921,1024,870,,206024,153536,
SG013-w2_plus_w1_squared,SG013,390775,interrupted,phoenix7.lptmc.jussieu.fr,16.462,1024,870,,205920,324652,
table3-C8-row12,table3-C8,390776,computed,phoenix10,2.373,1024,870,,207084,182560,
SG014-zero,SG014,390777,interrupted,phoenix10,8.237,1024,870,,205992,329816,
table3-C9-row2,table3-C9,390778,interrupted,phoenix4,4.043,1024,870,,206808,207344,
SG014-w2_plus_w1_squared,SG014,390779,interrupted,phoenix7.lptmc.jussieu.fr,4.146,1024,870,,206048,290508,
table3-C16-row12,table3-C16,390780,PENDING,,,,,,,,
SG015-zero,SG015,390781,PENDING,,,,,,,,
SG015-w2_plus_w1_squared,SG015,390782,PENDING,,,,,,,,
SG016-zero,SG016,390783,PENDING,,,,,,,,
SG016-w2_plus_w1_squared,SG016,390784,PENDING,,,,,,,,
SG017-zero,SG017,390785,PENDING,,,,,,,,
SG017-w2_plus_w1_squared,SG017,390786,PENDING,,,,,,,,
SG018-zero,SG018,390787,PENDING,,,,,,,,
SG018-w2_plus_w1_squared,SG018,390788,PENDING,,,,,,,,
SG019-zero,SG019,390789,PENDING,,,,,,,,
SG019-w2_plus_w1_squared,SG019,390790,PENDING,,,,,,,,
SG020-zero,SG020,390791,PENDING,,,,,,,,
SG020-w2_plus_w1_squared,SG020,390792,PENDING,,,,,,,,
SG021-zero,SG021,390793,PENDING,,,,,,,,
SG021-w2_plus_w1_squared,SG021,390794,PENDING,,,,,,,,
SG022-zero,SG022,390795,PENDING,,,,,,,,
SG022-w2_plus_w1_squared,SG022,390796,PENDING,,,,,,,,
SG023-zero,SG023,390797,PENDING,,,,,,,,
SG023-w2_plus_w1_squared,SG023,390798,PENDING,,,,,,,,
SG024-zero,SG024,390799,PENDING,,,,,,,,
SG024-w2_plus_w1_squared,SG024,390800,PENDING,,,,,,,,
SG025-zero,SG025,390801,PENDING,,,,,,,,
SG025-w2_plus_w1_squared,SG025,390802,PENDING,,,,,,,,
SG026-zero,SG026,390803,PENDING,,,,,,,,
SG026-w2_plus_w1_squared,SG026,390804,PENDING,,,,,,,,
SG027-zero,SG027,390805,PENDING,,,,,,,,
SG027-w2_plus_w1_squared,SG027,390806,PENDING,,,,,,,,
SG028-zero,SG028,390807,PENDING,,,,,,,,
SG028-w2_plus_w1_squared,SG028,390808,PENDING,,,,,,,,
SG029-zero,SG029,390809,PENDING,,,,,,,,
SG029-w2_plus_w1_squared,SG029,390810,PENDING,,,,,,,,
SG030-zero,SG030,390811,PENDING,,,,,,,,
SG030-w2_plus_w1_squared,SG030,390812,PENDING,,,,,,,,
SG031-zero,SG031,390813,PENDING,,,,,,,,
SG031-w2_plus_w1_squared,SG031,390814,PENDING,,,,,,,,
SG032-zero,SG032,390815,PENDING,,,,,,,,
SG032-w2_plus_w1_squared,SG032,390816,PENDING,,,,,,,,
SG033-zero,SG033,390817,PENDING,,,,,,,,
SG033-w2_plus_w1_squared,SG033,390818,PENDING,,,,,,,,
SG034-zero,SG034,390819,PENDING,,,,,,,,
SG034-w2_plus_w1_squared,SG034,390820,PENDING,,,,,,,,
SG035-zero,SG035,390821,PENDING,,,,,,,,
SG035-w2_plus_w1_squared,SG035,390822,PENDING,,,,,,,,
SG036-zero,SG036,390823,PENDING,,,,,,,,
SG036-w2_plus_w1_squared,SG036,390824,PENDING,,,,,,,,
SG037-zero,SG037,390825,PENDING,,,,,,,,
SG037-w2_plus_w1_squared,SG037,390826,PENDING,,,,,,,,
SG038-zero,SG038,390827,PENDING,,,,,,,,
SG038-w2_plus_w1_squared,SG038,390828,PENDING,,,,,,,,
SG039-zero,SG039,390829,PENDING,,,,,,,,
SG039-w2_plus_w1_squared,SG039,390830,PENDING,,,,,,,,
SG040-zero,SG040,390831,PENDING,,,,,,,,
SG040-w2_plus_w1_squared,SG040,390832,PENDING,,,,,,,,
SG041-zero,SG041,390833,PENDING,,,,,,,,
SG041-w2_plus_w1_squared,SG041,390834,PENDING,,,,,,,,
SG042-zero,SG042,390835,PENDING,,,,,,,,
SG042-w2_plus_w1_squared,SG042,390836,PENDING,,,,,,,,
SG043-zero,SG043,390837,PENDING,,,,,,,,
SG043-w2_plus_w1_squared,SG043,390838,PENDING,,,,,,,,
SG044-zero,SG044,390839,PENDING,,,,,,,,
SG044-w2_plus_w1_squared,SG044,390840,PENDING,,,,,,,,
SG045-zero,SG045,390841,PENDING,,,,,,,,
SG045-w2_plus_w1_squared,SG045,390842,PENDING,,,,,,,,
SG046-zero,SG046,390843,PENDING,,,,,,,,
SG046-w2_plus_w1_squared,SG046,390844,PENDING,,,,,,,,
SG047-zero,SG047,390845,PENDING,,,,,,,,
SG047-w2_plus_w1_squared,SG047,390846,PENDING,,,,,,,,
SG048-zero,SG048,390847,PENDING,,,,,,,,
SG048-w2_plus_w1_squared,SG048,390848,PENDING,,,,,,,,
SG049-zero,SG049,390849,PENDING,,,,,,,,
SG049-w2_plus_w1_squared,SG049,390850,PENDING,,,,,,,,
SG050-zero,SG050,390851,PENDING,,,,,,,,
SG050-w2_plus_w1_squared,SG050,390852,PENDING,,,,,,,,
SG051-zero,SG051,390853,PENDING,,,,,,,,
SG051-w2_plus_w1_squared,SG051,390854,PENDING,,,,,,,,
SG052-zero,SG052,390855,PENDING,,,,,,,,
SG052-w2_plus_w1_squared,SG052,390856,PENDING,,,,,,,,
SG053-zero,SG053,390857,PENDING,,,,,,,,
SG053-w2_plus_w1_squared,SG053,390858,PENDING,,,,,,,,
SG054-zero,SG054,390859,PENDING,,,,,,,,
SG054-w2_plus_w1_squared,SG054,390860,PENDING,,,,,,,,
SG055-zero,SG055,390861,PENDING,,,,,,,,
SG055-w2_plus_w1_squared,SG055,390862,PENDING,,,,,,,,
SG056-zero,SG056,390863,PENDING,,,,,,,,
SG056-w2_plus_w1_squared,SG056,390864,interrupted,phoenix4,4.152,1024,870,,206800,207408,
SG057-zero,SG057,390865,PENDING,,,,,,,,
SG057-w2_plus_w1_squared,SG057,390866,PENDING,,,,,,,,
SG058-zero,SG058,390867,PENDING,,,,,,,,
SG058-w2_plus_w1_squared,SG058,390868,PENDING,,,,,,,,
SG059-zero,SG059,390869,PENDING,,,,,,,,
SG059-w2_plus_w1_squared,SG059,390870,PENDING,,,,,,,,
SG060-zero,SG060,390871,interrupted,phoenix10,4.148,1024,870,,205932,271848,
SG060-w2_plus_w1_squared,SG060,390872,PENDING,,,,,,,,
SG061-zero,SG061,390873,PENDING,,,,,,,,
SG061-w2_plus_w1_squared,SG061,390874,interrupted,phoenix13.lptmc.jussieu.fr,4.12,1024,870,,205984,317604,
SG062-zero,SG062,390875,PENDING,,,,,,,,
SG062-w2_plus_w1_squared,SG062,390876,PENDING,,,,,,,,
SG063-zero,SG063,390877,PENDING,,,,,,,,
SG063-w2_plus_w1_squared,SG063,390878,PENDING,,,,,,,,
SG064-zero,SG064,390879,PENDING,,,,,,,,
SG064-w2_plus_w1_squared,SG064,390880,PENDING,,,,,,,,
SG065-zero,SG065,390881,PENDING,,,,,,,,
SG065-w2_plus_w1_squared,SG065,390882,PENDING,,,,,,,,
SG066-zero,SG066,390883,PENDING,,,,,,,,
SG066-w2_plus_w1_squared,SG066,390884,PENDING,,,,,,,,
SG067-zero,SG067,390885,PENDING,,,,,,,,
SG067-w2_plus_w1_squared,SG067,390886,PENDING,,,,,,,,
SG068-zero,SG068,390887,PENDING,,,,,,,,
SG068-w2_plus_w1_squared,SG068,390888,PENDING,,,,,,,,
SG069-zero,SG069,390889,PENDING,,,,,,,,
SG069-w2_plus_w1_squared,SG069,390890,PENDING,,,,,,,,
SG070-zero,SG070,390891,PENDING,,,,,,,,
SG070-w2_plus_w1_squared,SG070,390892,PENDING,,,,,,,,
SG071-zero,SG071,390893,PENDING,,,,,,,,
SG071-w2_plus_w1_squared,SG071,390894,PENDING,,,,,,,,
SG072-zero,SG072,390895,PENDING,,,,,,,,
SG072-w2_plus_w1_squared,SG072,390896,PENDING,,,,,,,,
SG073-zero,SG073,390897,PENDING,,,,,,,,
SG073-w2_plus_w1_squared,SG073,390898,PENDING,,,,,,,,
SG074-zero,SG074,390899,PENDING,,,,,,,,
SG074-w2_plus_w1_squared,SG074,390900,PENDING,,,,,,,,
SG075-zero,SG075,390901,PENDING,,,,,,,,
SG075-w2_plus_w1_squared,SG075,390902,PENDING,,,,,,,,
SG076-zero,SG076,390903,PENDING,,,,,,,,
SG076-w2_plus_w1_squared,SG076,390904,PENDING,,,,,,,,
SG077-zero,SG077,390905,PENDING,,,,,,,,
SG077-w2_plus_w1_squared,SG077,390906,PENDING,,,,,,,,
SG078-zero,SG078,390907,PENDING,,,,,,,,
SG078-w2_plus_w1_squared,SG078,390908,PENDING,,,,,,,,
SG079-zero,SG079,390909,interrupted,phoenix4,2.146,1024,870,,143824,143212,
SG079-w2_plus_w1_squared,SG079,390910,interrupted,phoenix7.lptmc.jussieu.fr,2.125,1024,870,,164988,153696,
SG080-zero,SG080,390911,PENDING,,,,,,,,
SG080-w2_plus_w1_squared,SG080,,not_submitted,,,,,,,,
SG081-zero,SG081,,not_submitted,,,,,,,,
SG081-w2_plus_w1_squared,SG081,,not_submitted,,,,,,,,
SG082-zero,SG082,,not_submitted,,,,,,,,
SG082-w2_plus_w1_squared,SG082,,not_submitted,,,,,,,,
SG083-zero,SG083,,not_submitted,,,,,,,,
SG083-w2_plus_w1_squared,SG083,,not_submitted,,,,,,,,
SG084-zero,SG084,,not_submitted,,,,,,,,
SG084-w2_plus_w1_squared,SG084,,not_submitted,,,,,,,,
SG085-zero,SG085,,not_submitted,,,,,,,,
SG085-w2_plus_w1_squared,SG085,,not_submitted,,,,,,,,
SG086-zero,SG086,,not_submitted,,,,,,,,
SG086-w2_plus_w1_squared,SG086,,not_submitted,,,,,,,,
SG087-zero,SG087,,not_submitted,,,,,,,,
SG087-w2_plus_w1_squared,SG087,,not_submitted,,,,,,,,
SG088-zero,SG088,,not_submitted,,,,,,,,
SG088-w2_plus_w1_squared,SG088,,not_submitted,,,,,,,,
SG089-zero,SG089,,not_submitted,,,,,,,,
SG089-w2_plus_w1_squared,SG089,,not_submitted,,,,,,,,
SG090-zero,SG090,,not_submitted,,,,,,,,
SG090-w2_plus_w1_squared,SG090,,not_submitted,,,,,,,,
SG091-zero,SG091,,not_submitted,,,,,,,,
SG091-w2_plus_w1_squared,SG091,,not_submitted,,,,,,,,
SG092-zero,SG092,,not_submitted,,,,,,,,
SG092-w2_plus_w1_squared,SG092,,not_submitted,,,,,,,,
SG093-zero,SG093,,not_submitted,,,,,,,,
SG093-w2_plus_w1_squared,SG093,,not_submitted,,,,,,,,
SG094-zero,SG094,,not_submitted,,,,,,,,
SG094-w2_plus_w1_squared,SG094,,not_submitted,,,,,,,,
SG095-zero,SG095,,not_submitted,,,,,,,,
SG095-w2_plus_w1_squared,SG095,,not_submitted,,,,,,,,
SG096-zero,SG096,,not_submitted,,,,,,,,
SG096-w2_plus_w1_squared,SG096,,not_submitted,,,,,,,,
SG097-zero,SG097,,not_submitted,,,,,,,,
SG097-w2_plus_w1_squared,SG097,,not_submitted,,,,,,,,
SG098-zero,SG098,,not_submitted,,,,,,,,
SG098-w2_plus_w1_squared,SG098,,not_submitted,,,,,,,,
SG099-zero,SG099,,not_submitted,,,,,,,,
SG099-w2_plus_w1_squared,SG099,,not_submitted,,,,,,,,
SG100-zero,SG100,,not_submitted,,,,,,,,
SG100-w2_plus_w1_squared,SG100,,not_submitted,,,,,,,,
SG101-zero,SG101,,not_submitted,,,,,,,,
SG101-w2_plus_w1_squared,SG101,,not_submitted,,,,,,,,
SG102-zero,SG102,,not_submitted,,,,,,,,
SG102-w2_plus_w1_squared,SG102,,not_submitted,,,,,,,,
SG103-zero,SG103,,not_submitted,,,,,,,,
SG103-w2_plus_w1_squared,SG103,,not_submitted,,,,,,,,
SG104-zero,SG104,,not_submitted,,,,,,,,
SG104-w2_plus_w1_squared,SG104,,not_submitted,,,,,,,,
SG105-zero,SG105,,not_submitted,,,,,,,,
SG105-w2_plus_w1_squared,SG105,,not_submitted,,,,,,,,
SG106-zero,SG106,,not_submitted,,,,,,,,
SG106-w2_plus_w1_squared,SG106,,not_submitted,,,,,,,,
SG107-zero,SG107,,not_submitted,,,,,,,,
SG107-w2_plus_w1_squared,SG107,,not_submitted,,,,,,,,
SG108-zero,SG108,,not_submitted,,,,,,,,
SG108-w2_plus_w1_squared,SG108,,not_submitted,,,,,,,,
SG109-zero,SG109,,not_submitted,,,,,,,,
SG109-w2_plus_w1_squared,SG109,,not_submitted,,,,,,,,
SG110-zero,SG110,,not_submitted,,,,,,,,
SG110-w2_plus_w1_squared,SG110,,not_submitted,,,,,,,,
SG111-zero,SG111,,not_submitted,,,,,,,,
SG111-w2_plus_w1_squared,SG111,,not_submitted,,,,,,,,
SG112-zero,SG112,,not_submitted,,,,,,,,
SG112-w2_plus_w1_squared,SG112,,not_submitted,,,,,,,,
SG113-zero,SG113,,not_submitted,,,,,,,,
SG113-w2_plus_w1_squared,SG113,,not_submitted,,,,,,,,
SG114-zero,SG114,,not_submitted,,,,,,,,
SG114-w2_plus_w1_squared,SG114,,not_submitted,,,,,,,,
SG115-zero,SG115,,not_submitted,,,,,,,,
SG115-w2_plus_w1_squared,SG115,,not_submitted,,,,,,,,
SG116-zero,SG116,,not_submitted,,,,,,,,
SG116-w2_plus_w1_squared,SG116,,not_submitted,,,,,,,,
SG117-zero,SG117,,not_submitted,,,,,,,,
SG117-w2_plus_w1_squared,SG117,,not_submitted,,,,,,,,
SG118-zero,SG118,,not_submitted,,,,,,,,
SG118-w2_plus_w1_squared,SG118,,not_submitted,,,,,,,,
SG119-zero,SG119,,not_submitted,,,,,,,,
SG119-w2_plus_w1_squared,SG119,,not_submitted,,,,,,,,
SG120-zero,SG120,,not_submitted,,,,,,,,
SG120-w2_plus_w1_squared,SG120,,not_submitted,,,,,,,,
SG121-zero,SG121,,not_submitted,,,,,,,,
SG121-w2_plus_w1_squared,SG121,,not_submitted,,,,,,,,
SG122-zero,SG122,,not_submitted,,,,,,,,
SG122-w2_plus_w1_squared,SG122,,not_submitted,,,,,,,,
SG123-zero,SG123,,not_submitted,,,,,,,,
SG123-w2_plus_w1_squared,SG123,,not_submitted,,,,,,,,
SG124-zero,SG124,,not_submitted,,,,,,,,
SG124-w2_plus_w1_squared,SG124,,not_submitted,,,,,,,,
SG125-zero,SG125,,not_submitted,,,,,,,,
SG125-w2_plus_w1_squared,SG125,,not_submitted,,,,,,,,
SG126-zero,SG126,,not_submitted,,,,,,,,
SG126-w2_plus_w1_squared,SG126,,not_submitted,,,,,,,,
SG127-zero,SG127,,not_submitted,,,,,,,,
SG127-w2_plus_w1_squared,SG127,,not_submitted,,,,,,,,
SG128-zero,SG128,,not_submitted,,,,,,,,
SG128-w2_plus_w1_squared,SG128,,not_submitted,,,,,,,,
SG129-zero,SG129,,not_submitted,,,,,,,,
SG129-w2_plus_w1_squared,SG129,,not_submitted,,,,,,,,
SG130-zero,SG130,,not_submitted,,,,,,,,
SG130-w2_plus_w1_squared,SG130,,not_submitted,,,,,,,,
SG131-zero,SG131,,not_submitted,,,,,,,,
SG131-w2_plus_w1_squared,SG131,,not_submitted,,,,,,,,
SG132-zero,SG132,,not_submitted,,,,,,,,
SG132-w2_plus_w1_squared,SG132,,not_submitted,,,,,,,,
SG133-zero,SG133,,not_submitted,,,,,,,,
SG133-w2_plus_w1_squared,SG133,,not_submitted,,,,,,,,
SG134-zero,SG134,,not_submitted,,,,,,,,
SG134-w2_plus_w1_squared,SG134,,not_submitted,,,,,,,,
SG135-zero,SG135,,not_submitted,,,,,,,,
SG135-w2_plus_w1_squared,SG135,,not_submitted,,,,,,,,
SG136-zero,SG136,,not_submitted,,,,,,,,
SG136-w2_plus_w1_squared,SG136,,not_submitted,,,,,,,,
SG137-zero,SG137,,not_submitted,,,,,,,,
SG137-w2_plus_w1_squared,SG137,,not_submitted,,,,,,,,
SG138-zero,SG138,,not_submitted,,,,,,,,
SG138-w2_plus_w1_squared,SG138,,not_submitted,,,,,,,,
SG139-zero,SG139,,not_submitted,,,,,,,,
SG139-w2_plus_w1_squared,SG139,,not_submitted,,,,,,,,
SG140-zero,SG140,,not_submitted,,,,,,,,
SG140-w2_plus_w1_squared,SG140,,not_submitted,,,,,,,,
SG141-zero,SG141,,not_submitted,,,,,,,,
SG141-w2_plus_w1_squared,SG141,,not_submitted,,,,,,,,
SG142-zero,SG142,,not_submitted,,,,,,,,
SG142-w2_plus_w1_squared,SG142,,not_submitted,,,,,,,,
SG143-zero,SG143,,not_submitted,,,,,,,,
SG143-w2_plus_w1_squared,SG143,,not_submitted,,,,,,,,
SG144-zero,SG144,,not_submitted,,,,,,,,
SG144-w2_plus_w1_squared,SG144,,not_submitted,,,,,,,,
SG145-zero,SG145,,not_submitted,,,,,,,,
SG145-w2_plus_w1_squared,SG145,,not_submitted,,,,,,,,
SG146-zero,SG146,,not_submitted,,,,,,,,
SG146-w2_plus_w1_squared,SG146,,not_submitted,,,,,,,,
SG147-zero,SG147,,not_submitted,,,,,,,,
SG147-w2_plus_w1_squared,SG147,,not_submitted,,,,,,,,
SG148-zero,SG148,,not_submitted,,,,,,,,
SG148-w2_plus_w1_squared,SG148,,not_submitted,,,,,,,,
SG149-zero,SG149,,not_submitted,,,,,,,,
SG149-w2_plus_w1_squared,SG149,,not_submitted,,,,,,,,
SG150-zero,SG150,,not_submitted,,,,,,,,
SG150-w2_plus_w1_squared,SG150,,not_submitted,,,,,,,,
SG151-zero,SG151,,not_submitted,,,,,,,,
SG151-w2_plus_w1_squared,SG151,,not_submitted,,,,,,,,
SG152-zero,SG152,,not_submitted,,,,,,,,
SG152-w2_plus_w1_squared,SG152,,not_submitted,,,,,,,,
SG153-zero,SG153,,not_submitted,,,,,,,,
SG153-w2_plus_w1_squared,SG153,,not_submitted,,,,,,,,
SG154-zero,SG154,,not_submitted,,,,,,,,
SG154-w2_plus_w1_squared,SG154,,not_submitted,,,,,,,,
SG155-zero,SG155,,not_submitted,,,,,,,,
SG155-w2_plus_w1_squared,SG155,,not_submitted,,,,,,,,
SG156-zero,SG156,,not_submitted,,,,,,,,
SG156-w2_plus_w1_squared,SG156,,not_submitted,,,,,,,,
SG157-zero,SG157,,not_submitted,,,,,,,,
SG157-w2_plus_w1_squared,SG157,,not_submitted,,,,,,,,
SG158-zero,SG158,,not_submitted,,,,,,,,
SG158-w2_plus_w1_squared,SG158,,not_submitted,,,,,,,,
SG159-zero,SG159,,not_submitted,,,,,,,,
SG159-w2_plus_w1_squared,SG159,,not_submitted,,,,,,,,
SG160-zero,SG160,,not_submitted,,,,,,,,
SG160-w2_plus_w1_squared,SG160,,not_submitted,,,,,,,,
SG161-zero,SG161,,not_submitted,,,,,,,,
SG161-w2_plus_w1_squared,SG161,,not_submitted,,,,,,,,
SG162-zero,SG162,,not_submitted,,,,,,,,
SG162-w2_plus_w1_squared,SG162,,not_submitted,,,,,,,,
SG163-zero,SG163,,not_submitted,,,,,,,,
SG163-w2_plus_w1_squared,SG163,,not_submitted,,,,,,,,
SG164-zero,SG164,,not_submitted,,,,,,,,
SG164-w2_plus_w1_squared,SG164,,not_submitted,,,,,,,,
SG165-zero,SG165,,not_submitted,,,,,,,,
SG165-w2_plus_w1_squared,SG165,,not_submitted,,,,,,,,
SG166-zero,SG166,,not_submitted,,,,,,,,
SG166-w2_plus_w1_squared,SG166,,not_submitted,,,,,,,,
SG167-zero,SG167,,not_submitted,,,,,,,,
SG167-w2_plus_w1_squared,SG167,,not_submitted,,,,,,,,
SG168-zero,SG168,,not_submitted,,,,,,,,
SG168-w2_plus_w1_squared,SG168,,not_submitted,,,,,,,,
SG169-zero,SG169,,not_submitted,,,,,,,,
SG169-w2_plus_w1_squared,SG169,,not_submitted,,,,,,,,
SG170-zero,SG170,,not_submitted,,,,,,,,
SG170-w2_plus_w1_squared,SG170,,not_submitted,,,,,,,,
SG171-zero,SG171,,not_submitted,,,,,,,,
SG171-w2_plus_w1_squared,SG171,,not_submitted,,,,,,,,
SG172-zero,SG172,,not_submitted,,,,,,,,
SG172-w2_plus_w1_squared,SG172,,not_submitted,,,,,,,,
SG173-zero,SG173,,not_submitted,,,,,,,,
SG173-w2_plus_w1_squared,SG173,,not_submitted,,,,,,,,
SG174-zero,SG174,,not_submitted,,,,,,,,
SG174-w2_plus_w1_squared,SG174,,not_submitted,,,,,,,,
SG175-zero,SG175,,not_submitted,,,,,,,,
SG175-w2_plus_w1_squared,SG175,,not_submitted,,,,,,,,
SG176-zero,SG176,,not_submitted,,,,,,,,
SG176-w2_plus_w1_squared,SG176,,not_submitted,,,,,,,,
SG177-zero,SG177,,not_submitted,,,,,,,,
SG177-w2_plus_w1_squared,SG177,,not_submitted,,,,,,,,
SG178-zero,SG178,,not_submitted,,,,,,,,
SG178-w2_plus_w1_squared,SG178,,not_submitted,,,,,,,,
SG179-zero,SG179,,not_submitted,,,,,,,,
SG179-w2_plus_w1_squared,SG179,,not_submitted,,,,,,,,
SG180-zero,SG180,,not_submitted,,,,,,,,
SG180-w2_plus_w1_squared,SG180,,not_submitted,,,,,,,,
SG181-zero,SG181,,not_submitted,,,,,,,,
SG181-w2_plus_w1_squared,SG181,,not_submitted,,,,,,,,
SG182-zero,SG182,,not_submitted,,,,,,,,
SG182-w2_plus_w1_squared,SG182,,not_submitted,,,,,,,,
SG183-zero,SG183,,not_submitted,,,,,,,,
SG183-w2_plus_w1_squared,SG183,,not_submitted,,,,,,,,
SG184-zero,SG184,,not_submitted,,,,,,,,
SG184-w2_plus_w1_squared,SG184,,not_submitted,,,,,,,,
SG185-zero,SG185,,not_submitted,,,,,,,,
SG185-w2_plus_w1_squared,SG185,,not_submitted,,,,,,,,
SG186-zero,SG186,,not_submitted,,,,,,,,
SG186-w2_plus_w1_squared,SG186,,not_submitted,,,,,,,,
SG187-zero,SG187,,not_submitted,,,,,,,,
SG187-w2_plus_w1_squared,SG187,,not_submitted,,,,,,,,
SG188-zero,SG188,,not_submitted,,,,,,,,
SG188-w2_plus_w1_squared,SG188,,not_submitted,,,,,,,,
SG189-zero,SG189,,not_submitted,,,,,,,,
SG189-w2_plus_w1_squared,SG189,,not_submitted,,,,,,,,
SG190-zero,SG190,,not_submitted,,,,,,,,
SG190-w2_plus_w1_squared,SG190,,not_submitted,,,,,,,,
SG191-zero,SG191,,not_submitted,,,,,,,,
SG191-w2_plus_w1_squared,SG191,,not_submitted,,,,,,,,
SG192-zero,SG192,,not_submitted,,,,,,,,
SG192-w2_plus_w1_squared,SG192,,not_submitted,,,,,,,,
SG193-zero,SG193,,not_submitted,,,,,,,,
SG193-w2_plus_w1_squared,SG193,,not_submitted,,,,,,,,
SG194-zero,SG194,,not_submitted,,,,,,,,
SG194-w2_plus_w1_squared,SG194,,not_submitted,,,,,,,,
SG195-zero,SG195,,not_submitted,,,,,,,,
SG195-w2_plus_w1_squared,SG195,,not_submitted,,,,,,,,
SG196-zero,SG196,,not_submitted,,,,,,,,
SG196-w2_plus_w1_squared,SG196,,not_submitted,,,,,,,,
SG197-zero,SG197,,not_submitted,,,,,,,,
SG197-w2_plus_w1_squared,SG197,,not_submitted,,,,,,,,
SG198-zero,SG198,,not_submitted,,,,,,,,
SG198-w2_plus_w1_squared,SG198,,not_submitted,,,,,,,,
SG199-zero,SG199,,not_submitted,,,,,,,,
SG199-w2_plus_w1_squared,SG199,,not_submitted,,,,,,,,
SG200-zero,SG200,,not_submitted,,,,,,,,
SG200-w2_plus_w1_squared,SG200,,not_submitted,,,,,,,,
SG201-zero,SG201,,not_submitted,,,,,,,,
SG201-w2_plus_w1_squared,SG201,,not_submitted,,,,,,,,
SG202-zero,SG202,,not_submitted,,,,,,,,
SG202-w2_plus_w1_squared,SG202,,not_submitted,,,,,,,,
SG203-zero,SG203,,not_submitted,,,,,,,,
SG203-w2_plus_w1_squared,SG203,,not_submitted,,,,,,,,
SG204-zero,SG204,,not_submitted,,,,,,,,
SG204-w2_plus_w1_squared,SG204,,not_submitted,,,,,,,,
SG205-zero,SG205,,not_submitted,,,,,,,,
SG205-w2_plus_w1_squared,SG205,,not_submitted,,,,,,,,
SG206-zero,SG206,,not_submitted,,,,,,,,
SG206-w2_plus_w1_squared,SG206,,not_submitted,,,,,,,,
SG207-zero,SG207,,not_submitted,,,,,,,,
SG207-w2_plus_w1_squared,SG207,,not_submitted,,,,,,,,
SG208-zero,SG208,,not_submitted,,,,,,,,
SG208-w2_plus_w1_squared,SG208,,not_submitted,,,,,,,,
SG209-zero,SG209,,not_submitted,,,,,,,,
SG209-w2_plus_w1_squared,SG209,,not_submitted,,,,,,,,
SG210-zero,SG210,,not_submitted,,,,,,,,
SG210-w2_plus_w1_squared,SG210,,not_submitted,,,,,,,,
SG211-zero,SG211,,not_submitted,,,,,,,,
SG211-w2_plus_w1_squared,SG211,,not_submitted,,,,,,,,
SG212-zero,SG212,,not_submitted,,,,,,,,
SG212-w2_plus_w1_squared,SG212,,not_submitted,,,,,,,,
SG213-zero,SG213,,not_submitted,,,,,,,,
SG213-w2_plus_w1_squared,SG213,,not_submitted,,,,,,,,
SG214-zero,SG214,,not_submitted,,,,,,,,
SG214-w2_plus_w1_squared,SG214,,not_submitted,,,,,,,,
SG215-zero,SG215,,not_submitted,,,,,,,,
SG215-w2_plus_w1_squared,SG215,,not_submitted,,,,,,,,
SG216-zero,SG216,,not_submitted,,,,,,,,
SG216-w2_plus_w1_squared,SG216,,not_submitted,,,,,,,,
SG217-zero,SG217,,not_submitted,,,,,,,,
SG217-w2_plus_w1_squared,SG217,,not_submitted,,,,,,,,
SG218-zero,SG218,,not_submitted,,,,,,,,
SG218-w2_plus_w1_squared,SG218,,not_submitted,,,,,,,,
SG219-zero,SG219,,not_submitted,,,,,,,,
SG219-w2_plus_w1_squared,SG219,,not_submitted,,,,,,,,
SG220-zero,SG220,,not_submitted,,,,,,,,
SG220-w2_plus_w1_squared,SG220,,not_submitted,,,,,,,,
SG221-zero,SG221,,not_submitted,,,,,,,,
SG221-w2_plus_w1_squared,SG221,,not_submitted,,,,,,,,
SG222-zero,SG222,,not_submitted,,,,,,,,
SG222-w2_plus_w1_squared,SG222,,not_submitted,,,,,,,,
SG223-zero,SG223,,not_submitted,,,,,,,,
SG223-w2_plus_w1_squared,SG223,,not_submitted,,,,,,,,
SG224-zero,SG224,,not_submitted,,,,,,,,
SG224-w2_plus_w1_squared,SG224,,not_submitted,,,,,,,,
SG225-zero,SG225,,not_submitted,,,,,,,,
SG225-w2_plus_w1_squared,SG225,,not_submitted,,,,,,,,
SG226-zero,SG226,,not_submitted,,,,,,,,
SG226-w2_plus_w1_squared,SG226,,not_submitted,,,,,,,,
SG227-zero,SG227,,not_submitted,,,,,,,,
SG227-w2_plus_w1_squared,SG227,,not_submitted,,,,,,,,
SG228-zero,SG228,,not_submitted,,,,,,,,
SG228-w2_plus_w1_squared,SG228,,not_submitted,,,,,,,,
SG229-zero,SG229,,not_submitted,,,,,,,,
SG229-w2_plus_w1_squared,SG229,,not_submitted,,,,,,,,
SG230-zero,SG230,,not_submitted,,,,,,,,
SG230-w2_plus_w1_squared,SG230,,not_submitted,,,,,,,,
